id,topic,intervention,outcome,effect_min,effect_max,effect_unit,categories,confidence,keywords
guest-checkout-conversion,Guest checkout,Add guest checkout without forced account creation,Checkout completion rate,6,14,percent_relative,"ux,checkout,business",ab_test,guest checkout account friction
trust-badges-checkout,Trust badges at checkout,Show security and payment trust badges near pay button,Checkout completion rate,3,9,percent_relative,"ux,checkout,business",ab_test,trust badge checkout security
mobile-form-field-count,Mobile form field count,Reduce visible fields on mobile signup to five or fewer,Signup completion rate,8,18,percent_relative,"ux,signup,business",meta_analysis,mobile signup form fields
annual-plan-discount-callout,Annual plan savings callout,Highlight annual savings percentage on pricing page,Share choosing annual billing,10,25,percent_relative,"business,saas",ab_test,annual billing pricing page
onboarding-checklist-activation,Onboarding checklist,Show a 3–5 step onboarding checklist in first session,Week-1 activation rate,12,28,percent_relative,"ux,business,saas",ab_test,onboarding checklist activation
push-notification-opt-in-timing,Push opt-in timing,Delay push permission prompt until after first value moment,Push opt-in rate,15,40,percent_relative,"ux,business",ab_test,push notification permission prompt
interval-training-5k-time,Interval training for 5K,Add twice-weekly interval sessions to base training,5K race time improvement,2,5,percent_relative,"sports,running",study,interval training 5k running
protein-post-workout-recovery,Post-workout protein timing,Consume 20–30g protein within 2 hours after strength training,Muscle soreness and recovery scores,10,22,percent_relative,"health,sports",study,protein recovery strength training
mindfulness-break-work-stress,Micro mindfulness breaks,Offer guided 5-minute mindfulness breaks during workday,Self-reported stress scores,8,18,percent_relative,"health,hr",study,mindfulness workplace stress
meal-kit-portion-adherence,Meal kit portion control,Switch to pre-portioned meal kits for weekday dinners,Weekly calorie intake,5,12,percent_relative,"food,health",study,meal kit portion calories
tutorial-skip-option-games,Skippable game tutorial,Allow skipping the opening tutorial with clear later access,Day-1 retention,4,11,percent_relative,"gaming,ux",ab_test,game tutorial skip retention
async-video-interview-completion,Async video interviews,Replace live phone screen with async one-way video interview,Candidate screen completion rate,12,30,percent_relative,"hr,business",estimate,async interview hiring funnel
progress-bar-checkout,Checkout progress indicator,Show a 3-step progress bar during checkout,Checkout completion rate,4,10,percent_relative,"ux,checkout",ab_test,checkout progress bar
social-proof-product-page,Social proof on product pages,Display recent purchase notifications on PDP,Add-to-cart rate,3,8,percent_relative,"ux,business",ab_test,social proof ecommerce
default-annual-billing,Default annual billing toggle,Pre-select annual plan on pricing page,Annual plan uptake,8,20,percent_relative,"business,saas",ab_test,annual billing default
error-message-specificity,Specific form error messages,Replace generic errors with field-specific guidance,Form completion rate,5,12,percent_relative,"ux,signup",ab_test,form validation errors
strength-training-frequency,Strength training frequency,Train major muscle groups twice per week vs once,Strength gains over 8 weeks,10,25,percent_relative,"health,sports",study,strength training frequency
sleep-consistency-hrv,Sleep schedule consistency,Keep bedtime within 30 minutes nightly for 4 weeks,Heart rate variability,6,15,percent_relative,health,study,sleep consistency hrv
signup-one-fewer-step,Signup friction,Remove one signup step,Signup completion rate,12,18,percent_relative,"ux,saas,signup",meta_analysis,signup form conversion
social-login-signup,Social OAuth,Add Google/Apple one-click signup,Signup conversion rate,8,8,percent_point,"ux,saas,signup",ab_test,oauth social login
checkout-field-reduction,Checkout UX,Reduce checkout fields to 12-14,Checkout conversion rate,20,60,percent_relative,"ux,checkout,business",meta_analysis,cart checkout form fields
baseball-short-swing,MLB contact,Shorter Statcast swing path,Batting average vs slugging,2.3,11,percent_point,"sports,baseball",study,bat swing length MLB
page-speed-bounce,Web performance,+1 second page load time,Bounce rate,7,11,percent_relative,"ux,business",estimate,page speed core web vitals
sleep-productivity,Sleep extension,+1 hour sleep,Next-day task scores,10,25,percent_relative,"health,business",study,sleep productivity
inline-validation-form-completion,Inline form validation,Replacing post-submit error validation with real-time inline validation as users fill out fields,Form completion rate,15,22,percent_relative,"ux,forms",ab_test,"inline validation, forms, form completion, validation errors, input fields"
post-purchase-one-click-upsell,Post-purchase one-click upsell,Offering a relevant add-on product on the post-checkout page that can be purchased with a single click without re-entering payment info,Average order value (AOV),8,18,percent_relative,"business,ecommerce",ab_test,"upsell, average order value, checkout flow, e-commerce, monetization, post-purchase"
guild-auto-join-retention,Automatic guild assignment,Prompting or auto-assigning new players to active beginner guilds during onboarding,Day-7 player retention rate,15,28,percent_relative,"gaming,retention",ab_test,"guilds, clans, onboarding, social play, player retention, mobile gaming, mmorpg"
baking-soda-onion-caramelization,Baking soda onion caramelization,Adding a pinch of baking soda (alkaline environment) to cooking onions,Reduction in total caramelization time,50,70,percent_relative,"food,cooking-science",study,"onions, caramelization, baking soda, maillard reaction, cooking speed, chemistry"
stay-interviews-employee-retention,Stay interviews,Implementing structured annual stay interviews for tenured employees,One-year employee retention rate,8,15,percent_relative,"hr,talent-management",study,"stay interviews, employee retention, turnover, human resources, talent management"
flexible-date-flight-search,Flexible date calendar for flight search,Defaulting to a +/- 3-day flexible date calendar grid on flight search results,Flight booking conversion rate,6,14,percent_relative,"travel,ux",ab_test,"flexible dates, flight search, booking conversion, travel ux, fare calendar"
search-autocomplete-conversion,Search autocomplete,Adding rich autocomplete suggestions with product previews to the search bar,Search-to-purchase conversion rate,15,24,percent_relative,"ux,ecommerce",ab_test,"search bar, autocomplete, e-commerce, navigation, search suggestions, conversion rate"
subscription-pause-retention,Subscription pause option,Offering a temporary subscription pause option during the cancellation flow,Permanent churn reduction,15,30,percent_relative,"business,subscription",ab_test,"churn, retention, subscription, cancellation, pause account"
post-match-party-up,Post-match 'Party Up' button,Adding a one-click 'Party Up' button on the post-match scoreboard for solo players,Day-7 player retention,8,15,percent_relative,"gaming,social",ab_test,"multiplayer, retention, squad up, matchmaking, social features, player engagement"
dry-brining-poultry-moisture,Dry brining poultry,Dry-brining poultry (salting 12 to 24 hours before cooking) instead of salting immediately before cooking,Moisture retention (measured by weight yield after roasting),10,15,percent_relative,"food,cooking",study,"dry brining, poultry, roasting, moisture retention, food science, meat yield"
onboarding-buddy-retention,Onboarding buddy programs,Assigning a dedicated peer buddy to new hires during their first 90 days,90-day new hire retention rate,15,36,percent_relative,"hr,onboarding",study,"onboarding, peer buddy, employee retention, new hire integration, talent management"
hotel-map-search-conversion,Hotel map search default,Defaulting users to an interactive map search view rather than a standard list view for hotel search results,Hotel booking conversion rate,6,14,percent_relative,"travel,e-commerce",ab_test,"hotel search, map view, user experience, booking conversion, user interface layout"
live-chat-pricing-page,Live chat on pricing page,Adding a proactive live chat widget to the B2B SaaS pricing page,Inbound demo booking rate,8,15,percent_relative,"business,conversion",ab_test,"saas, live chat, pricing page, conversion rate, sales, lead generation"
blooming-spices-in-oil,Blooming spices in oil,Heating ground spices in oil or cooking fat before adding liquid ingredients,Sensory flavor intensity scores of the finished dish,15,30,percent_relative,"food,cooking",study,"spices, blooming, fat-soluble flavor, extraction, cooking techniques"
daily-first-win-bonus,Daily first win bonus,"Introducing a ""first win of the day"" experience point multiplier reward",Next-day user retention (D1 retention),3,8,percent_relative,"gaming,retention",ab_test,"retention, monetization, reward schedule, progression, player engagement"
peer-to-peer-recognition,Peer-to-peer recognition programs,Implementing a structured peer-to-peer employee recognition platform with small monthly reward allowances,Annual voluntary employee retention rate,6,14,percent_relative,"hr,retention",study,"employee engagement, company culture, turnover reduction, employee recognition"
virtual-hotel-room-tours,360-degree virtual room tours,Adding interactive 360-degree virtual tours to hotel room selection pages,Direct-to-consumer booking conversion rate,9,18,percent_relative,"travel,conversion",ab_test,"booking conversion, hotel website, virtual reality, travel e-commerce"
skeleton-screens-loading-perception,Skeleton screens for loading,Replacing standard circular loading spinners with content skeleton screen placeholders during page loads,Perceived wait time user satisfaction score,15,28,percent_relative,"ux,performance",study,"perceived performance, skeleton screen, loading states, user friction"
most-popular-plan-badge,Most popular plan badge,Adding a 'Most Popular' badge or visual highlight to the mid-tier option on a three-tier pricing table,Mid-tier package conversion rate,7,14,percent_relative,"business,pricing",ab_test,"pricing page, pricing tier, subscription, visual hierarchy, nudge"
resting-pancake-batter,Resting pancake batter,Resting pancake batter for 15 to 30 minutes before cooking to allow gluten to relax and starch to fully hydrate,Average pancake height and physical fluffiness,15,25,percent_relative,"food,baking",study,"baking, pancake, gluten, batter, food science"
auto-loot-mechanics,Auto-loot mechanics,Implementing automatic looting of defeated enemies instead of requiring manual click-to-loot actions in an RPG,Average daily session length,5,9,percent_relative,"gaming,ux",ab_test,"rpg, looting, player retention, gameplay loop, quality of life"
structured-interview-rubrics,Structured interview rubrics,Adopting standardized rating scales and pre-defined rubrics for candidate evaluations rather than unstructured interviewer notes,90-day retention rate of new hires,11,18,percent_relative,"hr,recruiting",study,"hiring, hiring rubric, structured interview, retention, talent acquisition"
eco-certification-hotel-badge,Eco-certification hotel badges,Displaying a prominent third-party eco-friendly or sustainability certification badge on hotel listing details,Hotel listing click-through rate (CTR),6,12,percent_relative,"travel,conversion",ab_test,"travel, booking conversion, sustainability, eco-friendly, trust badges"
password-visibility-toggle,Password visibility toggle,Adding a 'show password' icon toggle inside registration and login password form fields,Form submission completion rate,4,8,percent_relative,"ux,forms",ab_test,"ux, form design, password toggle, conversion rate, signup flow"
free-shipping-threshold-progress,Free shipping progress bar,Adding a dynamic progress bar in the shopping cart showing how much more to spend to qualify for free shipping,Average order value (AOV),8,15,percent_relative,"business,ecommerce",ab_test,"e-commerce, free shipping, average order value, average basket size, upsell"
ice-water-egg-peeling,Ice water shock for boiled eggs,Submerging hard-boiled eggs in ice water immediately after boiling to shrink the egg white slightly from the shell,Peelability rate without tearing the egg whites,25,40,percent_relative,"food,cooking-techniques",study,"boiled eggs, cooking hacks, food preparation, kitchen science"
colorblind-mode-accessibility-retention,Colorblind mode accessibility,Offering dedicated colorblind rendering modes during the initial onboarding setup screen of video games,First-week player retention,3,7,percent_relative,"gaming,accessibility",study,"game design, accessibility, player retention, visual settings"
caffeine-nap-daytime-alertness,Caffeine naps,Consuming 200mg of caffeine immediately followed by a 20-minute nap to clear adenosine before caffeine kicks in,Post-nap cognitive alertness and psychomotor vigilance performance,15,25,percent_relative,"health,sleep",study,"cognitive performance, alertness, sleep hygiene, caffeine, productivity"
blind-resume-screening-bias,Blind resume screening,"Removing demographic indicators such as candidate name, gender, and graduation years from resumes before hiring manager review",Underrepresented candidate progression to initial phone interviews,18,32,percent_relative,"hr,recruitment",meta_analysis,"diversity, inclusion, hiring, recruitment bias, blind screening"
beetroot-juice-endurance-performance,Beetroot juice supplementation,Consuming dietary nitrate-rich beetroot juice 2-3 hours prior to athletic exertion to enhance muscle oxygenation,Time-to-exhaustion during high-intensity endurance running or cycling,4,10,percent_relative,"sports,nutrition",meta_analysis,"athletic performance, stamina, dietary nitrates, oxygen efficiency, nitric oxide"
curated-local-itinerary-booking,Curated local itineraries,"Providing dynamic, pre-curated local activity and dining itineraries during the hotel booking checkout flow",Direct booking conversion rate,6,12,percent_relative,"travel,ecommerce",ab_test,"hotel booking, upsell, customer experience, travel planning"
floating-add-to-cart-conversion,Sticky mobile add-to-cart,"Implementing a persistent, sticky 'Add to Cart' button at the bottom of the viewport on mobile product pages",Mobile cart addition rate,7,14,percent_relative,"ux,mobile",ab_test,"mobile ux, conversion rate optimization, sticky button, shopping cart"
password-strength-meter-signup,Live password strength feedback,Adding a real-time visual strength meter with inline validation next to the signup password input field,Successful signup form completion rate,5,11,percent_relative,"ux,forms",ab_test,"signup flow, form validation, password meter, user interface"
early-payment-discount-terms,Early payment discount terms,Offering a 2% discount for B2B invoices paid within 10 days on net-30 terms (2/10 net 30),Reduction in average days sales outstanding (DSO),15,30,percent_relative,"business,invoicing",study,"invoice terms, DSO, accounts receivable, cash flow, early payment discount, B2B billing"
acid-marinade-meat-tenderizing,Acid marinade for tough cuts,Marinating tough beef cuts in an acidic marinade (vinegar or citrus juice) for 2-4 hours before cooking,Reduction in measured shear force / perceived toughness in sensory panels,20,35,percent_relative,"food,technique",study,"marinade, meat tenderizing, acid, shear force, cooking technique, tough cuts"
adaptive-difficulty-rubber-banding,Adaptive difficulty rubber-banding,Adding dynamic difficulty adjustment (rubber-banding) that scales challenge to player performance in real time,Increase in average session length and D7 retention,8,18,percent_relative,"gaming,retention",ab_test,"adaptive difficulty, rubber banding, dynamic balancing, session length, retention, game design"
realistic-job-preview-videos,Realistic job preview videos,Showing candidates a realistic job preview video depicting day-to-day work during the interview process,Reduction in 90-day new hire turnover,10,25,percent_relative,"hr,hiring",study,"realistic job preview, new hire turnover, candidate expectations, hiring, onboarding, retention"
local-currency-price-display,Local currency price display,Displaying flight and hotel prices in the traveler's local currency by default instead of a single base currency,Increase in booking conversion rate,5,15,percent_relative,"travel,conversion",ab_test,"local currency, price display, booking conversion, travel checkout, currency localization"
skeleton-loading-screens,Skeleton loading screens,Replacing blank spinners with skeleton loading placeholders while page content fetches,Reduction in bounce rate during content load,10,20,percent_relative,"ux,performance",ab_test,"skeleton screens, loading state, perceived performance, bounce rate, spinner, UX pattern"
itemized-invoice-dispute-rate,Itemized invoice line items,"Adding itemized, plain-language line-item descriptions to B2B invoices instead of lump-sum billing",reduction in billing dispute rate and days sales outstanding,15,28,percent_relative,"business,billing",ab_test,"b2b invoicing, billing disputes, days sales outstanding, accounts receivable, itemization"
vinegar-poaching-water-egg-cohesion,Vinegar in egg poaching water,Adding a splash of vinegar to simmering water before poaching eggs,improvement in egg white cohesion with fewer stray strands,20,40,percent_relative,"food,cooking-science",study,"poached eggs, vinegar, egg white coagulation, cooking technique"
photo-mode-social-sharing-retention,In-game photo mode sharing,Adding an in-game photo mode with one-tap social sharing,increase in Day-30 retention among players who use the feature,6,14,percent_relative,"gaming,retention",ab_test,"photo mode, social sharing, retention, screenshot, virality"
internal-mobility-posting-attrition,Internal-first job postings,Posting open roles internally for 7 days before external advertising,reduction in voluntary regretted attrition,8,18,percent_relative,"hr,retention",study,"internal mobility, job posting, attrition, career growth, talent retention"
seat-map-preview-booking-completion,Seat map preview at booking,Showing an interactive seat map preview during the flight booking flow before payment,increase in booking completion rate,4,9,percent_relative,"travel,booking",ab_test,"seat map, flight booking, conversion, ancillary revenue, ota"
undo-toast-destructive-action-recovery,Undo toast after destructive actions,Showing a timed 'Undo' toast notification immediately after delete or archive actions,reduction in support tickets for accidental data loss,25,45,percent_relative,"ux,error-recovery",ab_test,"undo, toast notification, destructive action, error recovery, support tickets"
cold-email-personalization-reply-rate,Personalized cold email subject lines,Including the prospect's company name in cold outbound email subject lines instead of a generic subject line,reply rate from B2B sales prospects,15,34,percent_relative,"business,sales-outreach",ab_test,"cold email, personalization, subject line, reply rate, b2b sales, sales development"
blanching-vegetables-nutrient-retention,Blanching vegetables before freezing,"Blanching vegetables in boiling water for 1-2 minutes before flash freezing, versus freezing raw",vitamin C retention after 3 months of frozen storage,20,35,percent_relative,"food,food-science",study,"blanching, freezing vegetables, vitamin retention, food preservation, nutrient loss"
seasonal-event-lapsed-reactivation,Time-limited seasonal events for lapsed players,Sending lapsed players a push notification about a time-limited seasonal in-game event,7-day reactivation rate among players inactive for 30+ days,8,22,percent_point,"gaming,retention",ab_test,"seasonal event, lapsed players, reactivation, live ops, fomo, push notification"
skip-level-meeting-engagement,Skip-level meetings,Scheduling quarterly skip-level meetings between individual contributors and senior leadership two levels up,employee engagement survey scores,4,11,percent_point,"hr,employee-engagement",study,"skip-level meetings, employee engagement, leadership visibility, hr, retention"
red-eye-flight-fare-savings,Red-eye flight fare savings,Booking overnight red-eye flights instead of comparable daytime departures on the same route,average airfare paid per ticket,10,25,percent_relative,"travel,flight-booking",estimate,"red-eye flights, airfare savings, overnight flights, flight pricing, travel booking"
empty-state-illustration-engagement,Illustrated empty states with CTA,Replacing blank empty states with illustrated empty states that include a clear call-to-action,feature adoption rate among first-time users who reach the empty state,12,28,percent_relative,"ux,onboarding",ab_test,"empty state, illustration, call to action, feature adoption, ux design, onboarding"
transparent-career-ladder-retention,Transparent career progression paths,Publishing explicit career progression tiers and promotion criteria to all employees,Annual employee retention rate,12,20,percent_relative,business,study,"career development, organizational transparency, HR retention, internal mobility"
cross-platform-progress-sync-retention,Cross-platform game progress synchronization,"Enabling cloud-based progress sync across mobile, console, and PC platforms with seamless handoff",30-day player retention rate,7,15,percent_relative,gaming,ab_test,"cross-platform, cloud save, progression, player engagement, session continuity"
micro-interaction-delight-nps,Polished micro-interactions and haptic feedback,"Adding subtle animations, button press feedback, loading transitions, and haptic responses throughout the product",Net Promoter Score improvement,8,16,percent_point,ux,ab_test,"animation, Polish, haptic feedback, perceived quality, UX delight"
loyalty-tier-annual-retention,Tiered loyalty programs,Introducing milestone-based loyalty tiers with transparent progression paths and incremental benefits,Annual subscription retention rate,8,15,percent_relative,"business,loyalty",ab_test,loyalty program retention subscription
revenue-email-send-time-optimization,Revenue email send time optimization,Scheduling revenue recovery emails to each user's peak engagement hour based on historical activity patterns,Revenue per email and email open rate,15,30,percent_relative,"business,email-marketing",ab_test,email timing send time revenue
knife-sharpness-prep-enjoyment,Knife sharpness and prep satisfaction,Using sharp knives (sharpened within 1 month) versus dull knives for vegetable prep tasks,Perceived cooking enjoyment and prep task satisfaction rating,20,40,percent_relative,"food,knife-skills",study,knife sharpness cooking enjoyment satisfaction
difficulty-preview-progression,Pre-level difficulty preview,Displaying difficulty rating (easy/medium/hard) and estimated completion time before level start,Level completion rate and session length,5,12,percent_relative,"gaming,player-progression",ab_test,difficulty game progression completion
foam-rolling-soreness-recovery,Foam rolling for delayed-onset soreness,90-second foam rolling session within 1 hour post-workout on lower body muscle groups,Perceived muscle soreness reduction at 24-48 hours post-workout,15,30,percent_relative,"health,recovery,fitness",study,foam rolling soreness recovery workout
transparent-promotion-criteria-career-satisfaction,Published promotion rubrics,"Publishing explicit, weighted promotion criteria and evaluation rubrics for each role level",Employee career progression satisfaction and internal mobility job applications,10,25,percent_relative,"hr,career-development",ab_test,promotion career criteria transparency
structured-warm-up-heart-rate-readiness,Dynamic warm-up performance effect,10-minute dynamic warm-up routine raising resting heart rate to 55-65% of max heart rate before competition,Peak performance metrics and injury rates in first half of competition,3,8,percent_relative,"sports,training,injury-prevention",study,warm-up heart rate performance sports
baggage-allowance-upfront-clarity,Baggage policy clarity in flight search,Displaying baggage allowance and checked-bag fees on search results page (not deferred to checkout),Booking completion rate and reduction in price-shock abandonment,2,8,percent_relative,"travel,booking-friction",ab_test,baggage fees booking transparency travel
loading-animation-performance-perception,Loading animation type and perceived speed,"Smooth, fluid loading animation (rotating spinner or progress wave) versus static progress bar",Perceived page load speed and user satisfaction with loading experience,10,20,percent_relative,"ux,micro-interactions,loading",study,loading animation perception speed
right-click-context-menu-customization,Custom right-click context menu,"Enabling app-specific right-click context menu with custom actions (save, bookmark, share to social)",User engagement with save/bookmark/share features and feature discoverability,8,18,percent_relative,"ux,accessibility,interaction",ab_test,context menu interaction accessibility
