s00000020853002,https://okpy.net/blog/microservices-vs-monolith-shops
s00000020853002,https://okpy.net/blog/multi-cloud-vs-single-bank
s00000020853002,https://okpy.net/blog/native-app-vs-web-tokyo-osaka
s00000020853002,https://okpy.net/blog/realtime-vs-batch-register
s00000020853002,https://okpy.net/blog/reframing-just-add-ai
s00000020853002,https://okpy.net/blog/solution-product-fit-重要なフェーズでのプロダクト評価
s00000020853002,https://okpy.net/blog/テストより機能開発を優先すべきという主張への長期コスト説明
s00000020853002,https://okpy.net/blog/マルチクラウドにしたいと言われたときの話し方
s00000020853002,https://okpy.net/blog/成長ロードマップ-フィット・ジャーニーのスタートアップ成功法
s00000020853002,https://okpy.net/blog/成長戦略-gtmとは
s00000020853002,https://okpy.net/blog/解決する価値を検証する-cpfの重要性
s00000020853002,https://okpy.net/blog/障害対応は後付けで良いと言われたときの事前監視体制の必要性の説明
s00000020853002,https://okpy.net/category/eng-comms
s00000020853002,https://okpy.net/category/fit-journey
